model_name,variant,strategy,beta,n_folds,Val_RMSE_mean,Val_RMSE_std,Val_MAE_mean,Val_MAE_std,Val_R2_mean,Val_R2_std
OSB-MHA-APA-MOCE,simple_avg,no_masking,0.1,10,2.9468102,0.47837033867836,1.7561912775039672,0.3911897418992763,0.8686588108539581,0.043717366688746
OSB-MHA-APA-MOCE,simple_avg,no_masking,0.2,10,3.079496,0.6341581344604492,1.736765193939209,0.4189014650492466,0.8545402705669403,0.0618744141010223
OSB-MHA-APA-MOCE,simple_avg,no_masking,0.4,10,2.987467,0.3733066916465759,1.6576547384262086,0.3207986171437413,0.8662839770317078,0.0331990896446627
OSB-MHA-APA-MOCE,simple_avg,no_masking,0.5,10,3.1470208,0.4101310670375824,1.8203498244285583,0.3844949192100146,0.8514392256736756,0.0387379023590237
OSB-MHA-APA-MOCE,simple_avg,no_masking,0.6,10,3.013903,0.4831604361534118,1.6414756894111633,0.3457428249536111,0.8626888990402222,0.0429205551517433
OSB-MHA-APA-MOCE,simple_avg,no_masking,0.8,10,2.9612145,0.3752135932445526,1.6357730865478517,0.2863963019516864,0.8685723066329956,0.0327034205561784
OSB-MHA-APA-MOCE,simple_avg,no_masking,1.0,10,2.8547063,0.348965048789978,1.6583391547203064,0.3233772904440508,0.8779771149158477,0.0289628104942639
OSB-MHA-APA-MOCE,simple_avg,no_masking,2.0,10,2.8974946,0.4165888130664825,1.6646921634674072,0.4047520005842669,0.8736522972583771,0.0370688784875552
OSB-MHA-APA-MORM,simple_avg,random_masking,0.1,10,1.5967714,0.3543797433376312,0.8990135312080383,0.2072153399261145,0.960659509897232,0.0191676267941907
OSB-MHA-APA-MORM,simple_avg,random_masking,0.2,10,1.6572422,0.2830222249031067,0.9310986399650574,0.1870216672980291,0.958357071876526,0.0145176368774618
OSB-MHA-APA-MORM,simple_avg,random_masking,0.4,10,1.5167326,0.3279838263988495,0.8696951866149902,0.1905879688044934,0.964580863714218,0.0160144681214848
OSB-MHA-APA-MORM,simple_avg,random_masking,0.5,10,1.727409,0.3481058180332184,0.9780263781547548,0.1848629552455103,0.9543020486831664,0.0189907987429961
OSB-MHA-APA-MORM,simple_avg,random_masking,0.6,10,1.6286418,0.3960089683532715,0.911695832014084,0.2246092393532328,0.9587253749370576,0.0223841712152441
OSB-MHA-APA-MORM,simple_avg,random_masking,0.8,10,1.6172209,0.3466762006282806,0.9368802547454834,0.2034780060913751,0.9597602725028992,0.0181356360594166
OSB-MHA-APA-MORM,simple_avg,random_masking,1.0,10,1.6940291,0.465342104434967,1.007959985733032,0.3546462292387328,0.95472132563591,0.0272613558530078
OSB-MHA-APA-MORM,simple_avg,random_masking,2.0,10,1.6964792,0.3434942662715912,0.9487680196762084,0.2228153469515397,0.9559090912342072,0.0193850034152994
OSB-MHA-AWA-MOCE,learned_weights,no_masking,0.1,10,2.9637609,0.4324853420257568,1.736598002910614,0.3497898466497458,0.8677343010902405,0.0380463622858267
OSB-MHA-AWA-MOCE,learned_weights,no_masking,0.2,10,2.9897792,0.4240915477275848,1.810419762134552,0.3446084714545629,0.8655413031578064,0.0388025787805757
OSB-MHA-AWA-MOCE,learned_weights,no_masking,0.4,10,3.0402687,0.3600357174873352,1.7898131608963013,0.3610102173404719,0.8617109775543212,0.0324682591184003
OSB-MHA-AWA-MOCE,learned_weights,no_masking,0.5,10,3.0308025,0.3998873829841614,1.7100560784339904,0.3066128948857131,0.8621573925018311,0.0359112499218775
OSB-MHA-AWA-MOCE,learned_weights,no_masking,0.6,10,3.1310217,0.5494324564933777,1.8390487074851989,0.4855160352238921,0.8511458396911621,0.0545527410400412
OSB-MHA-AWA-MOCE,learned_weights,no_masking,0.8,10,2.948732,0.4161491096019745,1.629226815700531,0.3334958943353587,0.8692314803600312,0.0361887129935913
OSB-MHA-AWA-MOCE,learned_weights,no_masking,1.0,10,2.9327438,0.4707760214805603,1.6990185499191284,0.4144097321380421,0.8699765682220459,0.043939674096241
OSB-MHA-AWA-MOCE,learned_weights,no_masking,2.0,10,2.9347072,0.3787373304367065,1.598451662063599,0.3440287983226729,0.870846027135849,0.0323941701349024
OSB-MHA-AWA-MORM,learned_weights,random_masking,0.1,10,1.5618151,0.2956424057483673,0.8730759143829345,0.1812774198393332,0.962798511981964,0.0146639032362541
OSB-MHA-AWA-MORM,learned_weights,random_masking,0.2,10,1.581342,0.3148302137851715,0.8813945233821869,0.1558959767780014,0.9617359399795532,0.0153308344687599
OSB-MHA-AWA-MORM,learned_weights,random_masking,0.4,10,1.6129293,0.3417649865150451,0.9275473654270172,0.1691808527841589,0.960010039806366,0.0170597816216354
OSB-MHA-AWA-MORM,learned_weights,random_masking,0.5,10,1.5664091,0.3773378431797027,0.8855726599693299,0.215728425283615,0.9618551135063172,0.0197768664937568
OSB-MHA-AWA-MORM,learned_weights,random_masking,0.6,10,1.6015537,0.4411410391330719,0.8754230201244354,0.2380816593899565,0.9595157563686372,0.0213615059477549
OSB-MHA-AWA-MORM,learned_weights,random_masking,0.8,10,1.646982,0.3286612629890442,0.9502973914146424,0.2028212491241623,0.9584867477416992,0.0160585679004761
OSB-MHA-AWA-MORM,learned_weights,random_masking,1.0,10,1.6324253,0.3346931040287018,0.906851303577423,0.1907125618943413,0.9591388285160064,0.0170780162163789
OSB-MHA-AWA-MORM,learned_weights,random_masking,2.0,10,1.6611389,0.2972510457038879,0.9209617495536804,0.1761129277676281,0.95805624127388,0.015066731538156
OSB-WMHA-APA-MOCE,no_attention_simple_avg,no_masking,0.1,10,1.907007,0.4071802794933319,1.2153091490268708,0.3053231980956045,0.9440648436546326,0.0262393854673296
OSB-WMHA-APA-MOCE,no_attention_simple_avg,no_masking,0.2,10,1.7842457,0.4307096600532532,1.1289695858955384,0.2414510449430645,0.9504977226257324,0.0253586665226859
OSB-WMHA-APA-MOCE,no_attention_simple_avg,no_masking,0.4,10,1.8279097,0.4101284444332123,1.151238059997559,0.2402613453027031,0.948397570848465,0.0251579990710765
OSB-WMHA-APA-MOCE,no_attention_simple_avg,no_masking,0.5,10,1.8896748,0.4293225109577179,1.195835328102112,0.2644040736785455,0.9447908043861388,0.0254654701327766
OSB-WMHA-APA-MOCE,no_attention_simple_avg,no_masking,0.6,10,1.8118336,0.4866893589496612,1.1434679269790649,0.2706379990666517,0.9483490586280824,0.0311156900836704
OSB-WMHA-APA-MOCE,no_attention_simple_avg,no_masking,0.8,10,1.7961283,0.4457773566246032,1.1483348250389098,0.2785311801074941,0.9496935427188872,0.0265540429080011
OSB-WMHA-APA-MOCE,no_attention_simple_avg,no_masking,1.0,10,1.7986826,0.3955715596675873,1.1275097131729126,0.2263503739050761,0.9501195609569548,0.0237380415743412
OSB-WMHA-APA-MOCE,no_attention_simple_avg,no_masking,2.0,10,1.7985477,0.4200598299503326,1.1121503829956054,0.2546181662827494,0.9498611152172088,0.0241321593328866
OSB-WMHA-APA-MORM,no_attention_simple_avg,random_masking,0.1,10,1.6984609,0.3735473752021789,1.0549817979335785,0.2105843485411953,0.955523145198822,0.019409070602616
OSB-WMHA-APA-MORM,no_attention_simple_avg,random_masking,0.2,10,1.794215,0.3790193200111389,1.108685207366943,0.2316462815818032,0.9505271911621094,0.0205146508002184
OSB-WMHA-APA-MORM,no_attention_simple_avg,random_masking,0.4,10,1.7625889,0.3975679278373718,1.0903589308261872,0.2280366892233038,0.951997607946396,0.0225022536496431
OSB-WMHA-APA-MORM,no_attention_simple_avg,random_masking,0.5,10,1.7797697,0.3798484206199646,1.109738004207611,0.2290982647136022,0.951281601190567,0.0202949204630081
OSB-WMHA-APA-MORM,no_attention_simple_avg,random_masking,0.6,10,1.7293894,0.3916579484939575,1.0230368673801422,0.2247362003940363,0.9537725031375884,0.020891757636793
OSB-WMHA-APA-MORM,no_attention_simple_avg,random_masking,0.8,10,1.7477529,0.3998889923095703,1.0518978476524352,0.2612649620905005,0.9527424454689026,0.0211709313895892
OSB-WMHA-APA-MORM,no_attention_simple_avg,random_masking,1.0,10,1.735844,0.4179803431034088,1.052430844306946,0.2185458207914501,0.9531586527824402,0.0229544432560735
OSB-WMHA-APA-MORM,no_attention_simple_avg,random_masking,2.0,10,1.7273058,0.393774539232254,1.0244904577732086,0.181355364619552,0.9538568019866944,0.0223095686474701
OSB-WMHA-AWA-MOCE,no_attention,no_masking,0.1,10,2.5862362,0.7271677851676941,1.392765337228775,0.3652850994318226,0.8941469728946686,0.052223298220958
OSB-WMHA-AWA-MOCE,no_attention,no_masking,0.2,10,2.186332,0.5234900116920471,1.1557420134544372,0.224609823239479,0.9257325828075408,0.0344025738528699
OSB-WMHA-AWA-MOCE,no_attention,no_masking,0.4,10,2.097322,0.4905803203582763,1.1574095070362092,0.2505011946246821,0.9318097352981568,0.0353386951303879
OSB-WMHA-AWA-MOCE,no_attention,no_masking,0.5,10,2.1990547,0.3801888525485992,1.1562251091003417,0.1596692775588122,0.9266302287578584,0.0242019578683608
OSB-WMHA-AWA-MOCE,no_attention,no_masking,0.6,10,2.3988376,0.5183283090591431,1.2743712484836578,0.2691862406976483,0.9114080727100372,0.0413478103988361
OSB-WMHA-AWA-MOCE,no_attention,no_masking,0.8,10,1.900638,0.4445208609104156,1.0928270518779757,0.2030001907944001,0.9440002679824828,0.0259019296702427
OSB-WMHA-AWA-MOCE,no_attention,no_masking,1.0,10,2.1374745,0.4722277522087097,1.150956630706787,0.2469737769405005,0.9295324623584748,0.0297440142897129
OSB-WMHA-AWA-MOCE,no_attention,no_masking,2.0,10,2.0852616,0.3322016894817352,1.1654694139957429,0.1971941563042157,0.9342877924442292,0.0231568166528647
OSB-WMHA-AWA-MORM,no_attention,random_masking,0.1,10,1.6347597,0.4220831394195556,1.0166808247566224,0.2439623294089301,0.9581467509269714,0.0239233160951361
OSB-WMHA-AWA-MORM,no_attention,random_masking,0.2,10,1.6070389,0.30210942029953,0.9714669227600098,0.1655632733396271,0.9606297850608826,0.0152055329158251
OSB-WMHA-AWA-MORM,no_attention,random_masking,0.4,10,1.6838005,0.3299379348754883,1.0426819682121278,0.1889180681571267,0.9566636741161346,0.0173641325532055
OSB-WMHA-AWA-MORM,no_attention,random_masking,0.5,10,1.6306038,0.3842330873012543,0.9833181917667388,0.1771060528592847,0.9587530672550202,0.0206424587978898
OSB-WMHA-AWA-MORM,no_attention,random_masking,0.6,10,1.6218884,0.4411650896072387,0.9943986177444458,0.2178468197155761,0.9585470259189606,0.0261487209147688
OSB-WMHA-AWA-MORM,no_attention,random_masking,0.8,10,1.6684237,0.3057590425014496,0.999210214614868,0.1867807814058637,0.957629656791687,0.0145530838482163
OSB-WMHA-AWA-MORM,no_attention,random_masking,1.0,10,1.6130779,0.2732468247413635,0.9943504631519318,0.1379978121123611,0.9605632960796356,0.0134062956509731
OSB-WMHA-AWA-MORM,no_attention,random_masking,2.0,10,1.717262,0.4218184947967529,1.05859854221344,0.2131652781840258,0.9540638148784636,0.0226374599769009
USB-MHA-APA-MOCE,shared_simple_avg,no_masking,0.1,10,2.8921034,0.3294966220855713,1.7594822764396667,0.3073890593343458,0.8749774634838104,0.0297154788907562
USB-MHA-APA-MOCE,shared_simple_avg,no_masking,0.2,10,3.040927,0.4914509057998657,1.828950583934784,0.3853386789103954,0.8601639330387115,0.0478174616031578
USB-MHA-APA-MOCE,shared_simple_avg,no_masking,0.4,10,2.71097,0.3364565372467041,1.621021389961243,0.3069910255624042,0.8899106740951538,0.0254076308045685
USB-MHA-APA-MOCE,shared_simple_avg,no_masking,0.5,10,2.7559721,0.3907804489135742,1.5779138505458832,0.327845819139332,0.8857504308223725,0.0317473136167568
USB-MHA-APA-MOCE,shared_simple_avg,no_masking,0.6,10,2.831056,0.4085292220115661,1.6887473344802857,0.3985996726856622,0.8793639004230499,0.034504261787609
USB-MHA-APA-MOCE,shared_simple_avg,no_masking,0.8,10,2.8947053,0.365234375,1.7202797293663026,0.3697181661943902,0.8744248986244202,0.0319042023398042
USB-MHA-APA-MOCE,shared_simple_avg,no_masking,1.0,10,2.830134,0.3443211019039154,1.6556302666664124,0.3451366979076537,0.8800837934017182,0.0290447110659739
USB-MHA-APA-MOCE,shared_simple_avg,no_masking,2.0,10,2.771211,0.3723204135894775,1.6361721992492675,0.3834241346626316,0.884693318605423,0.0313473763642463
USB-MHA-APA-MORM,shared_simple_avg,random_masking,0.1,10,1.4477268,0.3572332262992859,0.7496098577976227,0.1774043497550775,0.9673367381095886,0.0159761096867895
USB-MHA-APA-MORM,shared_simple_avg,random_masking,0.2,10,1.4216349,0.3572445511817932,0.758007675409317,0.188193964115059,0.9684427678585052,0.0163164837645704
USB-MHA-APA-MORM,shared_simple_avg,random_masking,0.4,10,1.5060217,0.3434652984142303,0.7811926364898681,0.1755690091524081,0.9649210035800934,0.016103808252489
USB-MHA-APA-MORM,shared_simple_avg,random_masking,0.5,10,1.4676961,0.3942662477493286,0.7805556654930115,0.2176051193565473,0.9661065101623536,0.0180971432800851
USB-MHA-APA-MORM,shared_simple_avg,random_masking,0.6,10,1.4993265,0.3495965600013733,0.8018606662750244,0.2015912486073401,0.9651617705821992,0.0157776219816192
USB-MHA-APA-MORM,shared_simple_avg,random_masking,0.8,10,1.4500767,0.3845188021659851,0.7687194257974624,0.2299605271670653,0.9669670104980468,0.0181833306972376
USB-MHA-APA-MORM,shared_simple_avg,random_masking,1.0,10,1.5481569,0.4086179733276367,0.8088976591825485,0.2116446337042137,0.96236811876297,0.0185788170976536
USB-MHA-APA-MORM,shared_simple_avg,random_masking,2.0,10,1.439625,0.3787055611610412,0.7281861394643784,0.2237440763618416,0.9674722194671632,0.0178200693961686
USB-MHA-AWA-MOCE,shared_branches,no_masking,0.1,10,3.0140197,0.4082430303096771,1.802623164653778,0.3175413686791614,0.8635664761066437,0.0390504926271111
USB-MHA-AWA-MOCE,shared_branches,no_masking,0.2,10,2.8552127,0.2591641545295715,1.713711953163147,0.2511617080303588,0.8786605596542358,0.0221554278031674
USB-MHA-AWA-MOCE,shared_branches,no_masking,0.4,10,2.946547,0.3973790407180786,1.8229429364204408,0.3222460933511049,0.8696248650550842,0.0357990294928136
USB-MHA-AWA-MOCE,shared_branches,no_masking,0.5,10,2.7692409,0.349879115819931,1.6603331923484803,0.3582907914168803,0.8850700914859772,0.0281588280018272
USB-MHA-AWA-MOCE,shared_branches,no_masking,0.6,10,2.8746824,0.5249596834182739,1.7073652863502502,0.418601737227136,0.8742409467697143,0.0445012866309797
USB-MHA-AWA-MOCE,shared_branches,no_masking,0.8,10,2.7479029,0.3323252499103546,1.6473788738250732,0.325425461657296,0.8869686722755432,0.0269637861437674
USB-MHA-AWA-MOCE,shared_branches,no_masking,1.0,10,2.7340314,0.3465483486652374,1.675890576839447,0.2529118247321216,0.8879637837409973,0.028725007659812
USB-MHA-AWA-MOCE,shared_branches,no_masking,2.0,10,2.6211734,0.2988623976707458,1.5277291655540466,0.2874964221083505,0.8973024606704711,0.0228108420744098
USB-MHA-AWA-MORM,shared_branches,random_masking,0.1,10,1.4916747,0.3631825149059295,0.7788560569286347,0.2186022693616461,0.9653711676597596,0.016917073682888
USB-MHA-AWA-MORM,shared_branches,random_masking,0.2,10,1.4490994,0.3791468143463135,0.774536544084549,0.2223104060671226,0.967063409090042,0.0177481920477436
USB-MHA-AWA-MORM,shared_branches,random_masking,0.4,10,1.432118,0.3765142858028412,0.7579018473625183,0.2072201661012599,0.9678127527236938,0.0174399586607937
USB-MHA-AWA-MORM,shared_branches,random_masking,0.5,10,1.4616969,0.3109604120254516,0.7961430162191391,0.2082239965360166,0.9671473801136016,0.0129689070220864
USB-MHA-AWA-MORM,shared_branches,random_masking,0.6,10,1.4340265,0.3502111732959747,0.7556298077106476,0.1900417822912288,0.9679861187934876,0.0158479878991183
USB-MHA-AWA-MORM,shared_branches,random_masking,0.8,10,1.4429365,0.3942736089229584,0.7449222028255462,0.2429076559772774,0.967171198129654,0.0187269534058658
USB-MHA-AWA-MORM,shared_branches,random_masking,1.0,10,1.4808557,0.3301464021205902,0.7834172904491424,0.2073661771068713,0.9661508619785308,0.0146500635848731
USB-MHA-AWA-MORM,shared_branches,random_masking,2.0,10,1.5054924,0.4089981019496918,0.7948689639568329,0.2368745581481264,0.9642888367176056,0.0193998835071606
USB-WMHA-APA-MOCE,minimal_model,no_masking,0.1,10,1.8166971,0.4742544293403625,1.1919812977313995,0.3151638296161483,0.948247230052948,0.0270190723848692
USB-WMHA-APA-MOCE,minimal_model,no_masking,0.2,10,1.6993687,0.4128735661506653,1.1108536124229431,0.272949618997011,0.9550663352012634,0.0210709150188199
USB-WMHA-APA-MOCE,minimal_model,no_masking,0.4,10,1.6196827,0.4251133501529693,1.012099772691727,0.2796487938170544,0.9588375806808472,0.0202379851943237
USB-WMHA-APA-MOCE,minimal_model,no_masking,0.5,10,1.6696192,0.379267007112503,1.0670812666416167,0.2064675960030219,0.9569011151790618,0.0191196681405259
USB-WMHA-APA-MOCE,minimal_model,no_masking,0.6,10,1.7504673,0.4467830061912536,1.0581908464431762,0.2924486254761093,0.9520742177963256,0.0226416517073201
USB-WMHA-APA-MOCE,minimal_model,no_masking,0.8,10,1.6751816,0.5018685460090637,1.085803508758545,0.2836551557962426,0.9551897585392,0.0257119347006412
USB-WMHA-APA-MOCE,minimal_model,no_masking,1.0,10,1.636409,0.4039488434791565,1.0158135652542115,0.2467704726466554,0.9582662284374236,0.0203784441454877
USB-WMHA-APA-MOCE,minimal_model,no_masking,2.0,10,1.6686571,0.4752645492553711,1.0892402827739716,0.3042261158009011,0.955857765674591,0.0240337080118433
USB-WMHA-APA-MORM,minimal_model,random_masking,0.1,10,1.5081134,0.4413748383522033,0.9240234911441804,0.2485690321244672,0.963806051015854,0.0215601266049407
USB-WMHA-APA-MORM,minimal_model,random_masking,0.2,10,1.5980444,0.3664793968200683,0.9825141787528991,0.2376234657678079,0.96048344373703,0.0167663417162884
USB-WMHA-APA-MORM,minimal_model,random_masking,0.4,10,1.4467621,0.3858391940593719,0.9086279571056366,0.2158435443990107,0.9670953512191772,0.0170558897779809
USB-WMHA-APA-MORM,minimal_model,random_masking,0.5,10,1.5185506,0.350891500711441,0.927385288476944,0.1868653838404604,0.9642925560474396,0.0155708336862308
USB-WMHA-APA-MORM,minimal_model,random_masking,0.6,10,1.4592717,0.3220717012882232,0.8765443980693817,0.1751427489344201,0.9671584904193878,0.0143288990391088
USB-WMHA-APA-MORM,minimal_model,random_masking,0.8,10,1.5567875,0.4120126664638519,0.9578598201274872,0.2255339418116222,0.961935132741928,0.0203543862206094
USB-WMHA-APA-MORM,minimal_model,random_masking,1.0,10,1.5477399,0.4226999282836914,0.9298486709594728,0.2128484769348372,0.9622315227985382,0.0203575542110479
USB-WMHA-APA-MORM,minimal_model,random_masking,2.0,10,1.5226172,0.4039934873580932,0.9123170673847198,0.1946390637812566,0.9635768115520478,0.019587050758914
USB-WMHA-AWA-MOCE,no_attention_shared,no_masking,0.1,10,2.0469253,0.5528454780578613,1.0431522250175476,0.2478263719846639,0.9340316116809844,0.0350142418271642
USB-WMHA-AWA-MOCE,no_attention_shared,no_masking,0.2,10,1.9930633,0.6767812371253967,1.0975714921951294,0.2924847742484953,0.9352201700210572,0.0400450690674883
USB-WMHA-AWA-MOCE,no_attention_shared,no_masking,0.4,10,1.7927158,0.5999088883399963,1.0177239537239076,0.2203381235364473,0.9477313220500946,0.0356884564979917
USB-WMHA-AWA-MOCE,no_attention_shared,no_masking,0.5,10,2.0202997,0.6295637488365173,1.0273803293704986,0.2586405303823016,0.9344253599643708,0.0365296721482691
USB-WMHA-AWA-MOCE,no_attention_shared,no_masking,0.6,10,1.9341593,0.6610714197158813,1.0307050943374634,0.3072208555300488,0.938917464017868,0.0362799008746367
USB-WMHA-AWA-MOCE,no_attention_shared,no_masking,0.8,10,1.9787176,0.5152948498725891,1.0381668031215667,0.2590674810916352,0.9386217594146729,0.0300308474477367
USB-WMHA-AWA-MOCE,no_attention_shared,no_masking,1.0,10,1.6589304,0.4799712896347046,0.9439358651638032,0.2032436813263604,0.9562761843204498,0.026316910199527
USB-WMHA-AWA-MOCE,no_attention_shared,no_masking,2.0,10,1.7919111,0.5112870335578918,1.0361947238445282,0.2438916699459297,0.9490833938121797,0.0295211707426227
USB-WMHA-AWA-MORM,no_attention_shared,random_masking,0.1,10,1.6043364,0.3598565459251404,0.9871563494205476,0.1760810942920128,0.9602497041225432,0.0189560819464562
USB-WMHA-AWA-MORM,no_attention_shared,random_masking,0.2,10,1.5180168,0.3434095084667206,0.9060633540153504,0.1767499790019911,0.9643855690956116,0.0161258827094144
USB-WMHA-AWA-MORM,no_attention_shared,random_masking,0.4,10,1.4259846,0.3744965195655823,0.8703751862049103,0.2226072166589812,0.9680918991565703,0.0172891832867591
USB-WMHA-AWA-MORM,no_attention_shared,random_masking,0.5,10,1.4831574,0.3352430760860443,0.8771149635314941,0.1694345518128725,0.9660049736499786,0.0166549080866255
USB-WMHA-AWA-MORM,no_attention_shared,random_masking,0.6,10,1.4248449,0.4322099387645721,0.8681440830230713,0.2547817809653965,0.9675208151340484,0.0203553240283028
USB-WMHA-AWA-MORM,no_attention_shared,random_masking,0.8,10,1.5142114,0.4088716804981231,0.9057496964931488,0.2118075175842439,0.9639012157917024,0.0197936511404529
USB-WMHA-AWA-MORM,no_attention_shared,random_masking,1.0,10,1.5562854,0.3518345654010772,0.9625744998455048,0.1976708407271677,0.9625694632530212,0.0171319255743708
USB-WMHA-AWA-MORM,no_attention_shared,random_masking,2.0,10,1.5183136,0.2389693707227707,0.9063120782375336,0.1738934693332977,0.965181040763855,0.0111008544390813
