checkpoint,cohort,organ,AWA_weight
fold1.pth,modeled_time_test,Brain,0.13993120659142733
fold1.pth,modeled_time_test,Heart,0.13993120659142733
fold1.pth,modeled_time_test,Kidney,0.13993120659142733
fold1.pth,modeled_time_test,Liver,0.13993120659142733
fold1.pth,modeled_time_test,Lung,0.13993120659142733
fold1.pth,modeled_time_test,Muscle,0.13993120659142733
fold1.pth,modeled_time_test,Spleen,0.13993120659142733
fold1.pth,modeled_time_test,VH,0.020481557839048037
fold1.pth,unseen_time_test,Brain,0.14042898453772068
fold1.pth,unseen_time_test,Heart,0.14042898453772068
fold1.pth,unseen_time_test,Kidney,0.14042898453772068
fold1.pth,unseen_time_test,Liver,0.14042898453772068
fold1.pth,unseen_time_test,Lung,0.14042898453772068
fold1.pth,unseen_time_test,Muscle,0.14042898453772068
fold1.pth,unseen_time_test,Spleen,0.14042898453772068
fold1.pth,unseen_time_test,VH,0.016997121412714478
fold10.pth,modeled_time_test,Brain,0.1356656076386571
fold10.pth,modeled_time_test,Heart,0.13566892966628075
fold10.pth,modeled_time_test,Kidney,0.13566893246024847
fold10.pth,modeled_time_test,Liver,0.13566893246024847
fold10.pth,modeled_time_test,Lung,0.13566884584724903
fold10.pth,modeled_time_test,Muscle,0.13566889986395836
fold10.pth,modeled_time_test,Spleen,0.13566893246024847
fold10.pth,modeled_time_test,VH,0.05032091833618324
fold10.pth,unseen_time_test,Brain,0.13286927994340658
fold10.pth,unseen_time_test,Heart,0.1328692901879549
fold10.pth,unseen_time_test,Kidney,0.1328692901879549
fold10.pth,unseen_time_test,Liver,0.1328692901879549
fold10.pth,unseen_time_test,Lung,0.13286916352808475
fold10.pth,unseen_time_test,Muscle,0.1328692901879549
fold10.pth,unseen_time_test,Spleen,0.1328692864626646
fold10.pth,unseen_time_test,VH,0.06991508966893889
fold2.pth,modeled_time_test,Brain,0.1253859642893076
fold2.pth,modeled_time_test,Heart,0.1253859642893076
fold2.pth,modeled_time_test,Kidney,0.12538522947579622
fold2.pth,modeled_time_test,Liver,0.1253859642893076
fold2.pth,modeled_time_test,Lung,0.1253859642893076
fold2.pth,modeled_time_test,Muscle,0.1253859642893076
fold2.pth,modeled_time_test,Spleen,0.12538596242666245
fold2.pth,modeled_time_test,VH,0.12229898385703564
fold2.pth,unseen_time_test,Brain,0.1256392616778612
fold2.pth,unseen_time_test,Heart,0.12563925981521606
fold2.pth,unseen_time_test,Kidney,0.1256392616778612
fold2.pth,unseen_time_test,Liver,0.1256392616778612
fold2.pth,unseen_time_test,Lung,0.1256392616778612
fold2.pth,unseen_time_test,Muscle,0.1256392616778612
fold2.pth,unseen_time_test,Spleen,0.12563923746347427
fold2.pth,unseen_time_test,VH,0.12052520178258419
fold3.pth,modeled_time_test,Brain,0.14039945136755705
fold3.pth,modeled_time_test,Heart,0.14039945136755705
fold3.pth,modeled_time_test,Kidney,0.14039945136755705
fold3.pth,modeled_time_test,Liver,0.14039945136755705
fold3.pth,modeled_time_test,Lung,0.14039945136755705
fold3.pth,modeled_time_test,Muscle,0.14039945136755705
fold3.pth,modeled_time_test,Spleen,0.14039945136755705
fold3.pth,modeled_time_test,VH,0.017203851222575395
fold3.pth,unseen_time_test,Brain,0.14039749465882778
fold3.pth,unseen_time_test,Heart,0.14039749465882778
fold3.pth,unseen_time_test,Kidney,0.14039749465882778
fold3.pth,unseen_time_test,Liver,0.14039749465882778
fold3.pth,unseen_time_test,Lung,0.14039749465882778
fold3.pth,unseen_time_test,Muscle,0.14039749465882778
fold3.pth,unseen_time_test,Spleen,0.14039749465882778
fold3.pth,unseen_time_test,VH,0.017217540873389225
fold4.pth,modeled_time_test,Brain,0.13140359800308943
fold4.pth,modeled_time_test,Heart,0.13140359800308943
fold4.pth,modeled_time_test,Kidney,0.13140359800308943
fold4.pth,modeled_time_test,Liver,0.13140346482396126
fold4.pth,modeled_time_test,Lung,0.13140359800308943
fold4.pth,modeled_time_test,Muscle,0.13140359800308943
fold4.pth,modeled_time_test,Spleen,0.13140359800308943
fold4.pth,modeled_time_test,VH,0.08017495099039706
fold4.pth,unseen_time_test,Brain,0.1250686552375555
fold4.pth,unseen_time_test,Heart,0.1250686552375555
fold4.pth,unseen_time_test,Kidney,0.1250686552375555
fold4.pth,unseen_time_test,Liver,0.12506864499300718
fold4.pth,unseen_time_test,Lung,0.1250686552375555
fold4.pth,unseen_time_test,Muscle,0.1250686552375555
fold4.pth,unseen_time_test,Spleen,0.1250686552375555
fold4.pth,unseen_time_test,VH,0.12451945059001446
fold5.pth,modeled_time_test,Brain,0.14275180641561747
fold5.pth,modeled_time_test,Heart,0.14275180641561747
fold5.pth,modeled_time_test,Kidney,0.14275180641561747
fold5.pth,modeled_time_test,Liver,0.14275180641561747
fold5.pth,modeled_time_test,Lung,0.14275180641561747
fold5.pth,modeled_time_test,Muscle,0.14275180641561747
fold5.pth,modeled_time_test,Spleen,0.14275180641561747
fold5.pth,modeled_time_test,VH,0.0007373588252903573
fold5.pth,unseen_time_test,Brain,0.140616025775671
fold5.pth,unseen_time_test,Heart,0.140616025775671
fold5.pth,unseen_time_test,Kidney,0.140616025775671
fold5.pth,unseen_time_test,Liver,0.140616025775671
fold5.pth,unseen_time_test,Lung,0.140616025775671
fold5.pth,unseen_time_test,Muscle,0.140616025775671
fold5.pth,unseen_time_test,Spleen,0.140616025775671
fold5.pth,unseen_time_test,VH,0.015687819566210237
fold6.pth,modeled_time_test,Brain,0.13278229255229235
fold6.pth,modeled_time_test,Heart,0.13277871441096067
fold6.pth,modeled_time_test,Kidney,0.1327798548154533
fold6.pth,modeled_time_test,Liver,0.13278222223743796
fold6.pth,modeled_time_test,Lung,0.1327822832390666
fold6.pth,modeled_time_test,Muscle,0.13278230372816324
fold6.pth,modeled_time_test,Spleen,0.13278224878013134
fold6.pth,modeled_time_test,VH,0.07053008326329291
fold6.pth,unseen_time_test,Brain,0.13035411573946476
fold6.pth,unseen_time_test,Heart,0.13031486421823502
fold6.pth,unseen_time_test,Kidney,0.13028604164719582
fold6.pth,unseen_time_test,Liver,0.13035286776721478
fold6.pth,unseen_time_test,Lung,0.13035427406430244
fold6.pth,unseen_time_test,Muscle,0.130354268476367
fold6.pth,unseen_time_test,Spleen,0.13035427778959274
fold6.pth,unseen_time_test,VH,0.0876292761217431
fold7.pth,modeled_time_test,Brain,0.14285275619477034
fold7.pth,modeled_time_test,Heart,0.1428527645766735
fold7.pth,modeled_time_test,Kidney,0.1428527645766735
fold7.pth,modeled_time_test,Liver,0.1428527645766735
fold7.pth,modeled_time_test,Lung,0.1428527645766735
fold7.pth,modeled_time_test,Muscle,0.1428527645766735
fold7.pth,modeled_time_test,Spleen,0.1428527645766735
fold7.pth,modeled_time_test,VH,3.064311933531627e-05
fold7.pth,unseen_time_test,Brain,0.14062443934381008
fold7.pth,unseen_time_test,Heart,0.14062444306910038
fold7.pth,unseen_time_test,Kidney,0.14062444306910038
fold7.pth,unseen_time_test,Liver,0.14062444306910038
fold7.pth,unseen_time_test,Lung,0.14062444306910038
fold7.pth,unseen_time_test,Muscle,0.14062444306910038
fold7.pth,unseen_time_test,Spleen,0.14062444306910038
fold7.pth,unseen_time_test,VH,0.015628910933896734
fold8.pth,modeled_time_test,Brain,0.14033942762762308
fold8.pth,modeled_time_test,Heart,0.14033942762762308
fold8.pth,modeled_time_test,Kidney,0.14033942762762308
fold8.pth,modeled_time_test,Liver,0.14033942762762308
fold8.pth,modeled_time_test,Lung,0.14033942762762308
fold8.pth,modeled_time_test,Muscle,0.14033942762762308
fold8.pth,modeled_time_test,Spleen,0.14033942762762308
fold8.pth,modeled_time_test,VH,0.01762401494627852
fold8.pth,unseen_time_test,Brain,0.1399719025939703
fold8.pth,unseen_time_test,Heart,0.13997190445661545
fold8.pth,unseen_time_test,Kidney,0.13997190445661545
fold8.pth,unseen_time_test,Liver,0.13997190445661545
fold8.pth,unseen_time_test,Lung,0.13997190445661545
fold8.pth,unseen_time_test,Muscle,0.13997190445661545
fold8.pth,unseen_time_test,Spleen,0.13997190445661545
fold8.pth,unseen_time_test,VH,0.02019667781132739
fold9.pth,modeled_time_test,Brain,0.13758902717381716
fold9.pth,modeled_time_test,Heart,0.13758902717381716
fold9.pth,modeled_time_test,Kidney,0.13758902717381716
fold9.pth,modeled_time_test,Liver,0.13758902717381716
fold9.pth,modeled_time_test,Lung,0.13758902717381716
fold9.pth,modeled_time_test,Muscle,0.13758902717381716
fold9.pth,modeled_time_test,Spleen,0.13758902717381716
fold9.pth,modeled_time_test,VH,0.03687680835901119
fold9.pth,unseen_time_test,Brain,0.13163114339113235
fold9.pth,unseen_time_test,Heart,0.13163114339113235
fold9.pth,unseen_time_test,Kidney,0.13163114339113235
fold9.pth,unseen_time_test,Liver,0.13163114339113235
fold9.pth,unseen_time_test,Lung,0.13163114339113235
fold9.pth,unseen_time_test,Muscle,0.13163114339113235
fold9.pth,unseen_time_test,Spleen,0.13163114339113235
fold9.pth,unseen_time_test,VH,0.07858199719339609
